timestamp,acc_x,acc_y,acc_z,gyro_x,gyro_y,gyro_z,compass,latitude,longitude
0.0,0.0,0.0,9.806601524353027,-3.8071792118898884e-07,-4.769393058268179e-08,2.7687865888914587e-10,1.5319960629082274,0.00027218524073191475,0.0003166215269634655
0.10000000149011612,0.0,0.0,9.805225372314453,2.2767694929370919e-07,-1.974791530301445e-08,-2.4470106496643496e-10,1.5319960629082274,0.00027218524073191475,0.0003166215269634655
0.20000000298023224,5.5836615562438965,-1.840437412261963,9.80163288116455,-0.009966881945729256,-0.009516081772744656,-0.2499513030052185,0.7937689402891509,0.0002726884150376918,0.00031646396266001465
0.30000000447034836,10.236822128295898,-4.485960006713867,9.787958145141602,-0.005999278277158737,-0.0014865030534565449,-0.5033302307128906,358.4759489272727,0.0002740990576057811,0.0003158808582260174
0.4000000059604645,6.620253562927246,-2.7760391235351562,9.797029495239258,-0.00036721595097333193,0.001632221508771181,-0.5590967535972595,355.49629256223295,0.00027608192452532876,0.00031500424829853247
0.5000000074505806,5.399535179138184,-1.9334869384765625,9.799939155578613,-0.0014034168561920524,0.0023422944359481335,-0.607333242893219,352.20037111786496,0.000278520864355869,0.00031389139471989697
0.6000000089406967,5.161479949951172,-1.4429340362548828,9.8014554977417,-0.0007027371320873499,0.001788751920685172,-0.5812791585922241,348.92507684479045,0.00028138916522379986,0.0003125637835314907
0.7000000104308128,3.901913642883301,-3.4387736320495605,9.798407554626465,-0.007639743387699127,0.003343928139656782,-0.7696104049682617,344.9188430474978,0.0002845151786345923,0.00031084880677409606
0.800000011920929,4.171990871429443,-3.12577223777771,9.799002647399902,-0.0008618059800937772,0.002004185225814581,-0.7163372039794922,340.80922750692787,0.0002879026055495615,0.0003087474582199619
0.9000000134110451,4.614445209503174,-1.4544734954833984,9.802996635437012,-0.00028810009825974703,0.0013275068486109376,-0.6187725067138672,337.17144143422234,0.00029162119848535895,0.0003063666197878494
1.0000000149011612,4.031808853149414,-0.5892086029052734,9.838068962097168,-0.0010742801241576672,0.001921860151924193,-0.5041046738624573,334.25984107407265,0.0002956427549207774,0.00030378198950871155
1.1000000163912773,2.4184861183166504,0.25023460388183594,9.774388313293457,-0.00045144453179091215,0.0009604553342796862,-0.2927554249763489,332.3082647829033,0.0002998667667100108,0.0003011170350174622
1.2000000178813934,2.729384660720825,1.0533783435821533,9.804384231567383,0.00153997796587646,-0.0023848479613661766,-0.1315355896949768,331.27401021802325,0.0003043506671076557,0.0002984175041055556
1.3000000193715096,3.2943379878997803,2.2251968383789062,9.807332992553711,0.0042061349377036095,-0.00015112105756998062,0.08482550829648972,331.3387057698416,0.0003091893099167464,0.0002957510760899373
1.4000000208616257,3.125241279602051,3.403428077697754,9.803696632385254,0.00721125490963459,-1.869257539510727e-05,0.3115748465061188,332.6045310683417,0.0003144166204975818,0.0002932259008056858
1.5000000223517418,3.352023124694824,4.996793746948242,9.795352935791016,0.00955404806882143,0.0011425837874412537,0.5560552477836609,335.2133901237198,0.00032010397906390153,0.00029098018113140413
1.600000023841858,3.196770668029785,6.697967052459717,9.783355712890625,0.011720215901732445,0.003099462017416954,0.8082154393196106,339.2233941854343,0.00032627153524344976,0.0002891922820517513
1.700000025331974,2.8092708587646484,8.560766220092773,9.7664155960083,0.013383538462221622,0.005862797610461712,1.0622140169143677,344.67784665282306,0.00033288402725872857,0.0002880753163120862
1.8000000268220901,3.3665499687194824,7.546840190887451,9.77186107635498,0.0026135831139981747,0.004199490882456303,0.9678061008453369,350.33690426698877,0.00033990718709731027,0.0002875718507300289
1.9000000283122063,4.05374813079834,4.766740798950195,9.787922859191895,-0.0010749222710728645,0.002456329297274351,0.7648782730102539,355.0531772096392,0.00034732915798940667,0.00028745999995002377
2.0000000298023224,4.211519241333008,2.9166111946105957,9.79766845703125,-0.0038849872071295977,0.0009444945026189089,0.5197182297706604,358.4729982855513,0.0003551355474087359,0.0002875972433243867
2.1000000312924385,4.182672023773193,0.8865633010864258,9.804916381835938,-0.007267211563885212,-0.00012053269892930984,0.23436479270458221,0.35990873414460894,0.00036331645191012285,0.0002878147423748439
2.2000000327825546,4.022098064422607,-1.5517034530639648,9.807147979736328,-0.011308982968330383,-0.00038235727697610855,-0.08477164059877396,0.5230193878161992,0.0003718591922847736,0.0002878957862151356
2.3000000342726707,3.9138615131378174,0.07832884788513184,9.806418418884277,0.003043903736397624,-0.00018309801816940308,0.08001380413770676,0.6477051848058696,0.0003807526314858478,0.00028798717899401847
2.400000035762787,3.907341957092285,1.6244750022888184,9.805270195007324,0.0006522492622025311,-9.184976806864142e-05,0.1170383170247078,1.2458409120406062,0.00038999310280019017,0.00028823133855515094
2.500000037252903,3.904646873474121,-0.47432827949523926,9.806710243225098,-0.005525935906916857,-0.00020280759781599045,-0.054389264434576035,1.2567877842894326,0.0003995844100046497,0.0002884405104795233
2.600000038743019,3.931867837905884,0.0885467529296875,9.806489944458008,0.0018680916400626302,-0.00011191063094884157,0.04216577112674713,1.3187859449941672,0.00040952788950221475,0.0002886654456878424
2.7000000402331352,3.8447623252868652,0.674811601638794,9.806524276733398,-5.74856749153696e-05,5.8650533901527524e-05,0.04288255795836449,1.5624777030701136,0.00041981422045012096,0.0002889601162936218
2.8000000417232513,3.688354253768921,-0.36928772926330566,9.806941032409668,-0.0026719814632087946,0.00012150034308433533,-0.03942204639315605,1.4909535629073267,0.0004304318887733416,0.00028923021673724937
2.9000000432133675,3.5761795043945312,0.15180015563964844,9.807045936584473,0.0015760449459776282,0.00016975810285657644,0.030627282336354256,1.5351861881374467,0.0004413696202760775,0.000289522420046411
3.0000000447034836,3.486164093017578,0.275421142578125,9.807169914245605,-0.0005195691483095288,0.00019664003048092127,0.010944286361336708,1.6348239205325348,0.00045261895080273007,0.00028984813746796387
3.1000000461935997,3.3810763359069824,-0.2886984348297119,9.807351112365723,-0.0012964294292032719,0.00020555302035063505,-0.026718655601143837,1.5536857555044261,0.000464171964409843,0.00029015617259708947
3.200000047683716,2.8940653800964355,0.1567850112915039,9.808249473571777,0.001260528340935707,0.001957330387085676,0.02344314567744732,1.5923761091099038,0.0004759838042929232,0.0002904854538915347
3.300000049173832,0.06770708411931992,0.07239632308483124,9.81097412109375,-0.0007236050441861153,0.004908932838588953,-0.004392731934785843,1.620395572797706,0.00048780122983771435,0.00029082134891163583
3.400000050663948,-3.0017507076263428,-0.16495752334594727,9.809930801391602,-0.0003008623607456684,0.0035076753702014685,-0.011133373714983463,1.5712204519294355,0.0004993496515481866,0.00029113510679819435
3.500000052154064,-3.0856919288635254,0.11465620994567871,9.808184623718262,0.0006042818422429264,0.0007444334332831204,0.010208423249423504,1.5985090853760464,0.000510620947835605,0.00029145136624937916
3.6000000536441803,-1.0872509479522705,-0.0034935474395751953,9.808558464050293,-0.0004684692248702049,-0.002133383881300688,-0.005634254310280085,1.6032764506950095,0.0005217948887263901,0.0002917646101158089
3.7000000551342964,1.2074167728424072,-0.0911797285079956,9.809431076049805,-7.809186354279518e-05,-0.0027303702663630247,-0.0055144792422652245,1.5722165923311997,0.0005330774249614478,0.00029207261097692594
3.8000000566244125,2.435356378555298,0.048056840896606445,9.809412956237793,0.00027872505597770214,-0.002260730601847172,0.005048444960266352,1.5810293506295143,0.0005445783512101343,0.0002923909950446427
3.9000000581145287,2.6293938159942627,-0.010895729064941406,9.80945110321045,-0.00020932592451572418,-0.00019628200971055776,-0.0030348855070769787,1.5790476352748586,0.0005563150756131563,0.00029271489626174084
4.000000059604645,0.5994279384613037,-0.05707848072052002,9.81090259552002,-5.398690700531006e-05,0.003301652381196618,-0.003751352895051241,1.5587157629413173,0.000568105566514987,0.00029303516506992954
4.100000061094761,-2.5340158939361572,0.03180956840515137,9.81031322479248,0.0002119110431522131,0.003135002451017499,0.003759610466659069,1.565855658501508,0.000579668586368598,0.00029335204134526877
4.200000062584877,-3.3027684688568115,-0.009092092514038086,9.808342933654785,-0.00015017169062048197,0.0010958649218082428,-0.0022786413319408894,1.5643552580399265,0.000590935359298328,0.00029366000793837723
4.300000064074993,-1.7153736352920532,-0.034346580505371094,9.808338165283203,-3.316672518849373e-06,-0.002014812780544162,-0.0019474539440125227,1.5528038073278483,0.000602048474505068,0.00029396074398167527
4.400000065565109,0.836860716342926,0.013562023639678955,9.809355735778809,9.719561785459518e-05,-0.002911533461883664,0.0014215426053851843,1.554315306846831,0.0006132367736739752,0.00029426473548578846
4.500000067055225,2.2759222984313965,-0.4329094886779785,9.809431076049805,-0.001580960350111127,-0.0024927803315222263,-0.04549803212285042,1.3838080652322193,0.0006246302011732041,0.00029453497300145035
4.6000000685453415,2.871244430541992,-1.8178598880767822,9.807557106018066,-0.005332145839929581,-0.0015122541226446629,-0.18050511181354523,0.6221254326730842,0.0006362829689550153,0.00029464541879310367
4.700000070035458,2.8207387924194336,-4.768036365509033,9.797510147094727,-0.015218953602015972,0.0005267299711704254,-0.4988560080528259,358.5270114215077,0.0006481776688787022,0.00029432329951245166
4.800000071525574,3.0341925621032715,-4.472908973693848,9.798582077026367,0.001168948714621365,-6.354099605232477e-05,-0.3081774413585663,356.34553096287567,0.0006603184130966611,0.00029358478965954413
4.90000007301569,3.1893327236175537,-3.1989567279815674,9.8004789352417,-0.0021910567302256823,0.0003137314924970269,-0.2855522632598877,354.6677906159104,0.000672717401030809,0.00029253570884487604
5.000000074505806,2.2078051567077637,-6.081709384918213,9.78702449798584,-0.012749562039971352,0.005142103880643845,-0.5536538362503052,352.1520133785413,0.0006852382460067474,0.00029092158283673236
5.100000075995922,-1.8392934799194336,-9.986745834350586,9.758350372314453,-0.014036727137863636,0.009941904805600643,-0.8303982019424438,348.01666168517875,0.0006974120931317884,0.0002884687130505846
5.200000077486038,-3.8116188049316406,-9.433273315429688,9.758123397827148,-0.0005285637453198433,0.005827509798109531,-0.6694650650024414,343.80860945829056,0.0007090225741706035,0.00028530193784168974
5.300000078976154,-1.9186105728149414,-6.973851680755615,9.7734375,0.0026245913468301296,0.0008083314169198275,-0.48018914461135864,340.6788801768073,0.0007202648797459688,0.00028160505367406664
5.4000000804662704,0.4076080322265625,-8.508502960205078,9.759505271911621,-0.008262401446700096,0.0019343364983797073,-0.6886705756187439,337.2764351021438,0.0007312478450387516,0.0002771936986615548
5.500000081956387,1.2862052917480469,-11.958059310913086,9.723690032958984,-0.012994755990803242,0.005949355661869049,-1.0017694234848022,332.2949595744001,0.0007418366596851911,0.00027178310565285446
5.600000083446503,2.1795578002929688,-12.721860885620117,9.711005210876465,-0.005375067237764597,0.006545477546751499,-1.0365444421768188,326.43462994577243,0.0007519605260171147,0.0002653177604740661
5.700000084936619,2.3429832458496094,-14.005483627319336,9.682765007019043,-0.013403341174125671,0.011212848126888275,-1.2522014379501343,319.8083082621062,0.0007614382347469473,0.00025776168171618065
5.800000086426735,2.195005416870117,-14.707270622253418,9.67337703704834,-0.001868389081209898,0.012389525771141052,-1.1386327743530273,312.9918887534602,0.000770089947394581,0.00024916611718602954
5.900000087916851,-0.6945972442626953,-11.84552001953125,9.711078643798828,0.006683762650936842,0.010780079290270805,-0.810172438621521,307.6189887447614,0.0007778667978186604,0.00023997492326474512
6.000000089406967,-3.9571609497070312,-12.46039867401123,9.696755409240723,-0.00302230566740036,0.012366638518869877,-0.8911244869232178,302.75758794262646,0.0007845167790065943,0.00023048076587960496
6.100000090897083,-4.6418256759643555,-11.741976737976074,9.71221923828125,0.009435674175620079,0.006027490831911564,-0.6813384294509888,298.3748194767694,0.000790047155859952,0.00022085491653749188
6.200000092387199,-2.123974323272705,-6.459146022796631,9.769277572631836,0.01713848114013672,-0.0012631667777895927,-0.30430614948272705,295.8324591431506,0.000794977088631299,0.00021114975388952038
6.3000000938773155,0.5749014616012573,-1.1846154928207397,9.805359840393066,0.023031339049339294,-0.0041917236521840096,0.1015816479921341,295.5397991975938,0.000799836018089195,0.00020135314706065316
6.400000095367432,1.8570380210876465,3.59934663772583,9.810976028442383,0.02648247592151165,-0.003167729824781418,0.476288378238678,297.39659978384014,0.0008050591479786817,0.0001915574483340133
6.500000096857548,2.751293182373047,3.589731216430664,9.807168006896973,0.00643552653491497,-0.002190002240240574,0.29546019434928894,299.4726221216872,0.0008106842415855908,0.0001817052759292336
6.600000098347664,3.0691561698913574,-0.5100178718566895,9.808643341064453,-0.005825248081237078,-0.0012546689249575138,-0.07302485406398773,299.8325184494335,0.0008164067934188779,0.00017159169002100137
6.70000009983778,2.3633475303649902,-4.128537654876709,9.802029609680176,-0.014681520871818066,0.002745954319834709,-0.4508421719074249,298.1149717599854,0.0008219035190535351,0.00016111717631240034
6.800000101327896,-1.4275593757629395,-8.273539543151855,9.779403686523438,-0.018153708428144455,0.008335412479937077,-0.7931575775146484,294.35312213119585,0.0008266734202493353,0.00015045441129866505
6.900000102818012,-3.6997199058532715,-8.41899299621582,9.77314567565918,-0.003163311630487442,0.0048177302815020084,-0.6525307297706604,290.28779353720427,0.0008306221914153866,0.00013984214876257455
7.000000104308128,-1.7040185928344727,-4.511885166168213,9.793497085571289,0.006461034994572401,-0.0007181857945397496,-0.30080509185791016,287.82602943579155,0.0008341412417536276,0.00012925217756606534
7.1000001057982445,0.6633951663970947,-5.434727191925049,9.786812782287598,-0.00773293012753129,-0.00031525129452347755,-0.49587783217430115,285.4908150793209,0.0008372091880062271,0.00011847524868174579
7.200000107288361,2.0407910346984863,-7.313420295715332,9.777420043945312,-0.0021564853377640247,0.00018517067655920982,-0.5466465950012207,282.4623638428506,0.0008396790204585614,0.00010737847077234269
7.300000108778477,2.8611669540405273,-3.9611916542053223,9.796792030334473,0.00884377770125866,-0.0010402798652648926,-0.2535466253757477,280.39459237352094,0.0008418479797995815,9.596550194777193e-05
7.400000110268593,2.4811453819274902,-4.412553787231445,9.792916297912598,-0.005019657779484987,0.002961495891213417,-0.41941922903060913,278.3964888337254,0.0008436606203616748,8.427494511969889e-05
7.500000111758709,-0.86432284116745,-3.596067190170288,9.802215576171875,0.009344621561467648,0.004759085830301046,-0.16074112057685852,276.921823671163,0.0008451454531837044,7.26228712652612e-05
7.600000113248825,-3.461538076400757,-1.5727360248565674,9.805660247802734,0.004597876220941544,0.002238205401226878,-0.10094351321458817,276.21268611077556,0.0008464580549798484,6.126455991437554e-05
7.700000114738941,-2.0612921714782715,-3.122372627258301,9.800622940063477,-0.001872101565822959,-0.0006849794881418347,-0.23910203576087952,275.11247923926993,0.0008474768428783364,5.00655905198858e-05
7.800000116229057,0.5483644008636475,-3.2005677223205566,9.802337646484375,0.0013520154170691967,-0.002145144622772932,-0.22551055252552032,273.77220487881664,0.0008482139477621331,3.8798590561362626e-05
7.900000117719173,2.0654029846191406,-0.1292509138584137,9.809680938720703,0.01052781566977501,-0.00249192351475358,0.05620143562555313,273.49836893461253,0.0008489515323617525,2.734588155559175e-05
8.00000011920929,2.5175907611846924,-0.9832419753074646,9.807987213134766,-0.003472518641501665,-0.0008580288849771023,-0.1330251693725586,273.1213424924278,0.0008496142756513336,1.566288403603641e-05
8.100000120699406,1.386979341506958,-2.8828489780426025,9.805915832519531,-0.0020962900016456842,0.0027929572388529778,-0.21253836154937744,272.04326543383297,0.0008500240524966785,3.846413961656054e-06
8.200000122189522,-2.1154983043670654,0.07237817347049713,9.811078071594238,0.010100536048412323,0.004026746843010187,0.08673261106014252,271.8798873088863,0.0008504345147031245,-7.779991280323506e-06
8.300000123679638,-3.8031883239746094,0.029042169451713562,9.808103561401367,-0.0016497920732945204,0.001647777622565627,-0.029395563527941704,271.8924548569591,0.000850836752576356,-1.906519076402847e-05
8.400000125169754,-2.038985252380371,-1.796183466911316,9.806406021118164,-0.0020350217819213867,-0.001679391018114984,-0.11330970376729965,271.3197025139185,0.000851074298424237,-3.0171293855266407e-05
8.50000012665987,0.6167191863059998,-0.2183993011713028,9.809305191040039,0.004276153165847063,-0.0028549430426210165,0.02413349226117134,271.1063000834906,0.0008512936136781946,-4.1333266650992965e-05
8.600000128149986,2.1587557792663574,0.16713792085647583,9.80951976776123,0.0005946684395894408,-0.0025480545591562986,0.007680921815335751,271.12419517911604,0.0008515319819366596,-5.268867807165254e-05
8.700000129640102,2.865199327468872,-0.856736958026886,9.808772087097168,-0.0018076131818816066,-0.0017586415633559227,-0.07207978516817093,270.83732723397554,0.0008516974964294377,-6.43022389679474e-05
8.800000131130219,2.629852294921875,-0.32533547282218933,9.809343338012695,0.001884868717752397,0.0012302118120715022,-0.0043350583873689175,270.6631847308969,0.0008518368301508872,-7.61519878298788e-05
8.900000132620335,-0.781706690788269,0.15963083505630493,9.811551094055176,0.001003245823085308,0.004509583581238985,0.019517578184604645,270.6925272235713,0.0008519897340022453,-8.793127309916761e-05
9.00000013411045,-3.48350191116333,-0.4636882543563843,9.808974266052246,-0.001260274788364768,0.002345683751627803,-0.02955056168138981,270.55092374169857,0.0008520981579778208,-9.939826543926474e-05
9.100000135600567,-2.385476589202881,-0.20159602165222168,9.808091163635254,0.0011590595822781324,-0.0007450591656379402,0.01621093787252903,270.45860690487666,0.0008521869806514815,-0.0001106514339728248
9.200000137090683,-0.0013210788602009416,-0.024267449975013733,9.809099197387695,4.066243127454072e-05,-0.0025113860610872507,0.006965781562030315,270.42287135513914,0.0008522736101923556,-0.00012190461964038917
9.300000138580799,1.8368349075317383,-0.19446220993995667,9.8095121383667,-6.96165589033626e-05,-0.0025530916173011065,-0.005585625302046537,270.3534219916585,0.0008523439966694468,-0.00013332282290327052
9.400000140070915,2.727726936340332,-0.055344924330711365,9.809195518493652,0.0004728702479042113,-0.0019145772093906999,0.002502420684322715,270.3217572346663,0.0008524108192915492,-0.00014498578541743452
9.500000141561031,2.4059693813323975,-0.11741945147514343,9.8097505569458,-0.0002270790282636881,0.0015386560698971152,-0.007125206757336855,270.27318092928914,0.0008524681839503501,-0.00015686460211764393
9.600000143051147,-1.1772068738937378,-0.07177972048521042,9.81142807006836,0.0003425028407946229,0.004326333291828632,0.00784284994006157,270.2439750403982,0.0008525187635086695,-0.00016863768487737973
9.700000144541264,-3.530912160873413,-0.015331096947193146,9.808887481689453,5.594743925030343e-05,0.0020953768398612738,0.012712065130472183,270.2349865114505,0.0008525666016510058,-0.00018009383995976346
9.80000014603138,-2.293121576309204,-0.08984123170375824,9.808114051818848,-0.00013938391930423677,-0.000992154236882925,0.01202266663312912,270.2056166980194,0.0008526057357158834,-0.00019134433558865428
9.900000147521496,0.1382666677236557,-0.06210858002305031,9.809148788452148,7.408847159240395e-05,-0.002599323634058237,0.009989911690354347,270.1746349599442,0.000852639386920373,-0.00020260739044268967
10.000000149011612,1.9123690128326416,0.015318024903535843,9.809528350830078,0.00023645037435926497,-0.002555419225245714,0.010401052422821522,270.17403390329724,0.0008526748885628876,-0.00021404214515371517
10.100000150501728,2.7595345973968506,-0.040493547916412354,9.809223175048828,-0.00014430649753194302,-0.0018852731445804238,-0.0014090081676840782,270.15952658150013,0.0008527075117115146,-0.00022572446909272686
10.200000151991844,2.376028299331665,-0.0627836138010025,9.809784889221191,8.674975106259808e-06,0.0017374097369611263,0.0007554456824436784,270.1349652212448,0.0008527350631908348,-0.00023761995717911044
10.30000015348196,-1.2847390174865723,0.019341910257935524,9.811445236206055,0.0002213478583144024,0.004317144397646189,0.01227863784879446,270.1391726177735,0.0008527639853923574,-0.0002494000134785923
10.400000154972076,-3.5456326007843018,-0.022570781409740448,9.808773040771484,-0.00017153739463537931,0.002106771571561694,0.01090529840439558,270.13362650416747,0.0008527902347026384,-0.00026086183991639596
10.500000156462193,-2.373317003250122,-0.0395817831158638,9.808147430419922,-1.897320726129692e-05,-0.0009139152825810015,0.017044560983777046,270.12018469188087,0.0008528124403568427,-0.000272110810618905
10.600000157952309,0.028776369988918304,0.009914640337228775,9.809086799621582,9.240977669833228e-05,-0.002598467981442809,0.015851091593503952,270.11966559750397,0.0008528356055279573,-0.0002833624713600876
10.700000159442425,1.855133056640625,-0.006331001408398151,9.809552192687988,-5.435483399196528e-05,-0.0025935417506843805,0.007069177459925413,270.11564944627196,0.0008528584965716846,-0.0002947807431589861
10.800000160932541,2.736057996749878,-0.025757351890206337,9.809249877929688,-7.80898699304089e-06,-0.0019297234248369932,0.0017422573873773217,270.10534952100363,0.0008528795371205433,-0.0003064444424353345
10.900000162422657,2.4061968326568604,0.00983896292746067,9.809774398803711,0.00010870496043935418,0.0015433462103828788,0.00670190155506134,270.10868265331857,0.0008529019483916045,-0.0003183239958977284
11.000000163912773,-1.1838055849075317,-0.014816615730524063,9.811421394348145,-9.605408558854833e-05,0.004322393331676722,0.007472099736332893,270.10442061527647,0.0008529227147988649,-0.00033009718146149
11.10000016540289,-3.531477212905884,-0.011387426406145096,9.808856964111328,5.150232937012333e-06,0.0020930441096425056,0.014079881832003593,270.10007661496434,0.0008529420419591816,-0.00034155338794588654
11.200000166893005,-2.320599317550659,0.029840223491191864,9.842248916625977,-0.028618765994906425,-0.02519475854933262,0.020132118836045265,270.1024535207955,0.0008529638364223047,-0.00035280117640209955
11.300000168383121,-0.3960303068161011,-0.0022533379960805178,10.643461227416992,0.0010447850218042731,-0.009485357441008091,0.012157097458839417,270.09778167140325,0.0008529859735517675,-0.0003640081516600938
11.400000169873238,2.5217232704162598,-0.043225664645433426,8.948969841003418,0.0007537245401181281,0.006568421609699726,0.008234436623752117,270.0971259732429,0.0008530050265704858,-0.00037543735495372934
11.500000171363354,3.222285270690918,0.0193018801510334,10.218917846679688,0.009663962759077549,0.04299619421362877,0.0023076278157532215,270.0942572937915,0.0008530269580830918,-0.000387156602671986
11.60000017285347,1.791881799697876,-0.35705479979515076,9.619297981262207,0.017587386071681976,-0.008326010778546333,0.004807883407920599,270.09250876536396,0.0008530148957532901,-0.00039903697856658575
11.700000174343586,-1.38412344455719,0.3965304493904114,9.657569885253906,-0.003370164893567562,-0.016077127307653427,0.0065761832520365715,270.08313774582274,0.0008530371014359162,-0.00041079159086969695
11.800000175833702,-3.387300491333008,-0.20265117287635803,9.90803337097168,0.014844163320958614,-0.0023402932565659285,0.017905166372656822,270.0959511807057,0.0008530375126269973,-0.0004222402926602145
11.900000177323818,-2.208303928375244,0.1700754314661026,9.87370777130127,-0.011956259608268738,0.006889345124363899,0.015767022967338562,270.09174378417697,0.0008530501918073696,-0.00043348904062066775
12.000000178813934,0.1886928528547287,0.06973876059055328,9.850909233093262,-0.0002579568244982511,-0.0020883067045360804,0.015593955293297768,270.08994061423607,0.0008530665033674723,-0.0004447532434529906
12.10000018030405,1.916627287864685,0.041362278163433075,9.77608871459961,-0.00010689071496017277,-0.002540874993428588,0.009985329583287239,270.09895646394045,0.0008530843227276819,-0.0004561879296279989
12.200000181794167,2.768786668777466,0.006242452189326286,9.801868438720703,-0.00019906742090824991,-0.0018909097416326404,0.0009543502819724381,270.0930278597409,0.0008531004972240908,-0.00046786937973279186
12.300000183284283,2.3866419792175293,0.03683515638113022,9.808351516723633,6.052132084732875e-05,0.0017243983456864953,0.006577630992978811,270.0956779731389,0.0008531179053790083,-0.0004797632572227722
12.400000184774399,-1.2749426364898682,0.032945938408374786,9.811290740966797,-7.527641719207168e-05,0.0043194168247282505,0.009203285910189152,270.099338954534,0.0008531354506260413,-0.0004915410004316748
12.500000186264515,-3.538893461227417,0.01602422446012497,9.808823585510254,-8.085828449111432e-05,0.002094679046422243,0.01327727735042572,270.0969893694595,0.0008531514195055934,-0.0005029995371406548
12.600000187754631,-2.336796760559082,0.03348071873188019,9.808124542236328,-1.872788925538771e-05,-0.0009571360424160957,0.01985127478837967,270.0988745016704,0.0008531674569240977,-0.0005142468458447478
12.700000189244747,0.08333676308393478,0.02928570657968521,9.809107780456543,-4.589043965097517e-05,-0.0026034447364509106,0.014270082116127014,270.0983280865368,0.0008531836314347174,-0.0005255001857183508
12.800000190734863,2.8398005962371826,0.08372199535369873,8.298749923706055,-0.010135514661669731,0.14561158418655396,0.005988768767565489,270.0983280865368,0.0008532060427057786,-0.0005370150933014449
12.90000019222498,2.3113768100738525,0.11270907521247864,10.068644523620605,-0.0005613038083538413,0.01174051035195589,0.004239652305841446,270.1028906529024,0.0008532381175569981,-0.0005487509952718714
13.000000193715096,1.1594139337539673,-0.10545140504837036,10.290491104125977,-0.004311305470764637,-0.13179805874824524,0.004160672891885042,270.10280869063234,0.0008532600490980258,-0.0005605994676504832
13.100000195205212,-1.678585171699524,0.08250938355922699,9.238180160522461,-0.0018735571065917611,-0.022013867273926735,0.008146967738866806,270.0993116337773,0.0008532891083632421,-0.0005722968181112573
13.200000196695328,-2.7159852981567383,-0.08874426782131195,10.908492088317871,0.0004954943433403969,0.004500433802604675,0.015017504803836346,270.10108748296153,0.000853309943295244,-0.0005837497691348387
13.300000198185444,-2.2126760482788086,-0.02559102699160576,10.012072563171387,0.00026254422846250236,0.0015976803842931986,0.017919059842824936,270.0985193318336,0.0008533281738891674,-0.0005950038629046304
13.40000019967556,0.13740283250808716,-0.010593656450510025,9.790520668029785,0.0002131560759153217,-0.0010604980634525418,0.013891518115997314,270.09392944471136,0.0008533455820298741,-0.0006062702246214938
13.500000201165676,1.9108039140701294,0.014132354408502579,9.771162033081055,0.00016716685786377639,-0.0016851270338520408,0.009106716141104698,270.09611510524576,0.000853364497956477,-0.0006177079263812572
13.600000202655792,2.7535550594329834,-0.0058778515085577965,9.783257484436035,2.0910798411932774e-05,-0.0013942125951871276,0.0022618959192186594,270.0933283880644,0.0008533832768335969,-0.0006293926319468652
13.700000204145908,2.3716111183166504,-0.0032859803177416325,9.795391082763672,7.876025483710691e-05,0.0020321484189480543,0.00525422440841794,270.0932191050377,0.0008534021242496692,-0.0006412900733097378
13.800000205636024,-1.296410083770752,0.002728475257754326,9.804036140441895,1.3483074326359201e-05,0.004469668958336115,0.00929781049489975,270.09463978438504,0.0008534211087152244,-0.0006530710034434384
13.90000020712614,-3.547332763671875,-0.010590769350528717,9.805159568786621,-4.9714020860847086e-05,0.0021949002984911203,0.01322705578058958,270.09245412385064,0.0008534385168701419,-0.0006645335152414137
14.000000208616257,-2.383481025695801,0.0007132282480597496,9.806313514709473,-1.174970566353295e-05,-0.0008559420239180326,0.019473617896437645,270.09270001066074,0.0008534557194082026,-0.0006757821946658498
14.100000210106373,0.015976503491401672,0.00120846729259938,9.808225631713867,-2.6386343961348757e-05,-0.0025720985140651464,0.01435108296573162,270.0910061237466,0.0008534729904710048,-0.0006870324504186806
14.200000211596489,1.8498411178588867,0.0002201511524617672,9.809072494506836,2.1157002265681513e-05,-0.0025815158151090145,0.008749952539801598,270.0903504255863,0.0008534905357038269,-0.00069844876894109
14.300000213086605,2.733302593231201,0.005093861371278763,9.809035301208496,5.205356501392089e-06,-0.0019260961562395096,0.0036092610098421574,270.09018650104616,0.0008535089718861855,-0.0007101103778689151
14.400000214576721,2.409933090209961,-0.0025609307922422886,9.809672355651855,5.570581379288342e-06,0.00152560172136873,0.00514832790941,270.0910061237466,0.0008535274766217071,-0.0007219881493948628
14.500000216066837,-1.1690834760665894,-0.004399203695356846,9.811383247375488,-1.3126809790264815e-05,0.004326432943344116,0.009331587702035904,270.0908695199632,0.0008535455015987736,-0.0007337608552065043
14.600000217556953,-3.531137466430664,-0.0019223857671022415,9.80884075164795,-3.756161095225252e-05,0.002094695810228586,0.014293372631072998,270.0906782746664,0.0008535627726757866,-0.0007452166504747979
14.70000021904707,-2.2890405654907227,-0.003245812840759754,9.808151245117188,-4.402509148349054e-05,-0.0009948833612725139,0.019041448831558228,270.09103344450324,0.0008535794269306507,-0.000756467043299663
14.800000220537186,0.14486432075500488,-0.0008541478309780359,9.809123039245605,-2.412482899671886e-05,-0.002598521066829562,0.013983353972434998,270.0887931424555,0.0008535960811713039,-0.00076773066357584
14.900000222027302,1.9124889373779297,0.006431675516068935,9.80954647064209,2.6767545932671055e-05,-0.0025534892920404673,0.008638287894427776,270.089175633049,0.0008536135578651738,-0.0007791659665750027
15.000000223517418,2.5757789611816406,-2.7406463623046875,9.805750846862793,-0.01179433148354292,-0.0013049324043095112,-0.31011930108070374,268.98186536480654,0.0008533818375866531,-0.0007908279181829136
15.100000225007534,1.9659777879714966,-6.845569610595703,9.788118362426758,-0.017359266057610512,0.004007263109087944,-0.6567125916481018,266.01767254804776,0.0008525273305224346,-0.0008026233094162351
15.20000022649765,-1.8910927772521973,-10.706650733947754,9.754642486572266,-0.018494119867682457,0.010249915532767773,-0.9710557460784912,261.17637982282935,0.0008507528644940976,-0.0008141040517947749
15.300000227987766,-3.8251399993896484,-10.957377433776855,9.744817733764648,-0.004112303256988525,0.0067756287753582,-0.8522092700004578,256.0060905456698,0.0008481113493274961,-0.0008250151227986809
15.400000229477882,-1.6385483741760254,-7.344069004058838,9.77130126953125,0.0052187684923410416,0.0006753257475793362,-0.5214381814002991,252.31450990306126,0.0008448901565145661,-0.0008355871461256962
15.500000230967999,0.9116036891937256,-3.1676461696624756,9.798914909362793,0.013783537782728672,-0.002590370364487171,-0.11992961913347244,250.77274496209264,0.0008413761778598428,-0.0008461439544569021
15.600000232458115,2.079385280609131,1.1543560028076172,9.810996055603027,0.021266430616378784,-0.002827465534210205,0.27242180705070496,251.41817051790215,0.000837901950077935,-0.0008569110312887549
15.70000023394823,2.3442349433898926,5.918367385864258,9.800084114074707,0.02470298856496811,-0.0004345197230577469,0.652334988117218,254.27362672307436,0.0008348812936418426,-0.0008680243520793001
15.800000235438347,2.4998579025268555,7.528476715087891,9.78653335571289,0.012623714283108711,0.0018620016053318977,0.6719107031822205,258.0841619402678,0.0008324734862981131,-0.000879496116239592
15.900000236928463,1.1212100982666016,5.134159088134766,9.796030044555664,0.0001129398588091135,0.004224782809615135,0.39705997705459595,260.93191369205624,0.0008305027331374504,-0.0008911393575148182
16.00000023841858,-2.202125072479248,2.293552875518799,9.806074142456055,-0.006079429294914007,0.004099116660654545,0.11147496849298477,262.12175996622915,0.0008287613699877738,-0.0009026148226200367
16.100000239908695,-3.7594974040985107,3.7883777618408203,9.7973051071167,0.006961630191653967,0.002849126700311899,0.3247573673725128,263.42512398440766,0.0008273942135303969,-0.0009137937323790039
16.20000024139881,-2.1379897594451904,5.33732795715332,9.791973114013672,0.000464831740828231,-0.0007331608794629574,0.3643692433834076,265.40325605107006,0.0008265177749393615,-0.0009248198753557215
16.300000242888927,0.6862272024154663,1.6084195375442505,9.806885719299316,-0.010535486042499542,-0.00288041471503675,0.061923906207084656,266.3458767980452,0.0008257799847228853,-0.000935916678966131
16.400000244379044,2.194572925567627,0.15139642357826233,9.809293746948242,-0.004210283048450947,-0.00252744322642684,0.023494506254792213,266.5159758291352,0.0008250428113285579,-0.0009472108663059614
16.50000024586916,2.767642021179199,-1.2943459749221802,9.809192657470703,-0.009816043078899384,-0.0017798669869080186,-0.17724061012268066,265.87208023569974,0.0008241717870731691,-0.0009587443128816973
16.600000247359276,3.0701162815093994,-1.254088282585144,9.80835247039795,-0.0016625432763248682,-0.0011442149989306927,-0.0942714586853981,265.1680789775682,0.0008231654727381965,-0.0009705427196997736
16.700000248849392,3.099970579147339,-2.023101568222046,9.806427955627441,-0.007127153687179089,-0.0004013902216684073,-0.21982015669345856,264.17171830220343,0.0008219509459763685,-0.0009825991646224576
16.800000250339508,2.830559253692627,-5.374475479125977,9.79432201385498,-0.016377385705709457,0.001450471580028534,-0.5379281640052795,261.8577321736731,0.0008202247978488231,-0.0009948388748550272
16.900000251829624,2.555670738220215,-5.835035800933838,9.791866302490234,-0.002736525610089302,0.003062365809455514,-0.43098023533821106,259.15658360222983,0.0008179433023514093,-0.00100720544525536
17.00000025331974,-0.4575364589691162,-4.305839538574219,9.798860549926758,-0.0004481106298044324,0.00585848418995738,-0.3246212303638458,257.08198194373017,0.0008152965784518074,-0.0010194459093841185
17.100000254809856,-4.120301246643066,-6.535158157348633,9.782461166381836,-0.010422399267554283,0.0071594445034861565,-0.5507280826568604,254.491919568948,0.0008121864140093749,-0.0010311739297125715
17.200000256299973,-5.786927223205566,-10.275947570800781,9.748626708984375,-0.012032943777740002,0.008389223366975784,-0.8207399249076843,250.4051988224759,0.0008083851323448243,-0.0010421049446974712
17.30000025779009,-5.8728532791137695,-9.39968490600586,9.753217697143555,0.002200811170041561,0.005239326972514391,-0.6582682728767395,246.25411037326563,0.000804027406772434,-0.0010522158577010341
17.400000259280205,-5.555240631103516,-5.01142692565918,9.783371925354004,0.010399913415312767,0.0017416640184819698,-0.30094027519226074,243.77415064790404,0.000799489157330413,-0.0010616826692153275
17.50000026077032,-5.640446662902832,-5.463578224182129,9.778633117675781,-0.002697478048503399,0.0024244175292551517,-0.45789629220962524,241.54767290302,0.0007947637360103954,-0.0010704728931682172
17.600000262260437,-5.827852249145508,-8.621659278869629,9.75751781463623,-0.006219292990863323,0.004143363796174526,-0.718587338924408,238.04796593457547,0.0007896614351494691,-0.0010784123795401
17.700000263750553,-5.375241279602051,-7.480964183807373,9.768211364746094,0.004618493840098381,0.0021139623131603003,-0.6121301054954529,234.34493789491805,0.0007842971896110384,-0.0010855711721405132
17.80000026524067,-5.006186485290527,-2.105475664138794,9.799089431762695,0.018222590908408165,-0.00044004060328006744,-0.14501149952411652,232.47095255271998,0.0007790582279341152,-0.0010922603559513462
17.900000266730785,-5.135960578918457,0.5088295936584473,9.80437183380127,0.007575185038149357,-0.0008289078250527382,-0.02886948175728321,232.09245078967456,0.0007741391238340611,-0.0010986152896064897
18.0000002682209,-5.018953323364258,-0.2356271743774414,9.803743362426758,0.004641558043658733,-0.0008584675379097462,-0.005799011792987585,232.0177558409113,0.0007694808678166964,-0.0011046030758177072
18.100000269711018,-4.726122856140137,-2.6971936225891113,9.799022674560547,-0.020194273442029953,-0.00021833181381225586,-0.40108075737953186,230.96251893490103,0.0007649027304097444,-0.001110110424548633
18.200000271201134,-3.501589775085449,-8.564594268798828,9.772666931152344,-0.015406012535095215,0.0006776824593544006,-0.8169481158256531,227.28405225549895,0.0007599745110269396,-0.0011148677836437773
18.30000027269125,-1.409193992614746,-10.053525924682617,9.755919456481934,-0.012749641202390194,0.0027555041015148163,-1.093813180923462,221.70922453417785,0.0007545426204416117,-0.0011188703555819384
18.400000274181366,1.140580177307129,-8.37720012664795,9.767491340637207,-0.0015915140975266695,0.0011746417731046677,-1.002164363861084,215.85688622687914,0.0007485892393219729,-0.0011223270381434198
18.500000275671482,2.8902053833007812,-5.868538856506348,9.782875061035156,-0.0005307525862008333,0.0008507196325808764,-0.877389669418335,210.672472118516,0.0007421457571297196,-0.0011254661933373994
18.600000277161598,-29.382049560546875,16.776958465576172,11.593059539794922,-0.023988887667655945,-0.007966168224811554,0.016275417059659958,209.44514176617807,0.0007387412990169651,-0.0011286176850144674
18.700000278651714,-7.934850215911865,-4.647490501403809,7.910800457000732,-0.04362117499113083,0.0009112134575843811,-0.21346308290958405,209.00914347069946,0.0007357594339651996,-0.0011310598974499468
18.80000028014183,4.227300643920898,-11.555093765258789,9.2093505859375,0.00454314611852169,0.0021025962196290493,-0.3304362893104553,207.31451889610594,0.0007319662395843807,-0.001132756712162794
18.900000281631947,4.562337398529053,-1.5267095565795898,9.959365844726562,0.012174013070762157,0.0008198460564017296,-0.17916224896907806,206.0443905784287,0.0007277464084722851,-0.0011345117139542101
19.000000283122063,2.583155632019043,1.5609405040740967,10.021979331970215,0.009601917117834091,0.002632671035826206,-0.002850361168384552,205.6995479876131,0.0007233792249223825,-0.0011364942553225973
19.10000028461218,2.303950071334839,2.661583423614502,9.93927001953125,0.008237049914896488,-0.00030598603188991547,0.11178858578205109,206.294689690753,0.0007189328822789776,-0.0011387821246474324
19.200000286102295,2.8814589977264404,1.0029852390289307,9.879883766174316,-0.0017590639181435108,0.00020858319476246834,0.027749832719564438,206.93835305775667,0.0007142970375184632,-0.0011412671720936367
19.30000028759241,3.166116714477539,-0.5991928577423096,9.844087600708008,-0.0010182911064475775,-0.0006738592637702823,-0.03159011900424957,207.14589518587667,0.0007093841016825309,-0.001143833983008313
19.400000289082527,3.932935953140259,0.3796863555908203,9.824987411499023,0.0018525136401876807,-0.0009046341292560101,0.029698612168431282,207.47896253056317,0.0007041739251150148,-0.0011465933801312088
19.500000290572643,4.257362365722656,0.32193470001220703,9.815350532531738,-0.0004355431883595884,-0.0004627674352377653,-0.003162708133459091,207.7766768161057,0.0006986395731871653,-0.0011495563292250699
19.60000029206276,4.177708625793457,-0.006557464599609375,9.810894012451172,-0.00040892668766900897,-0.0002176523266825825,-0.02108241803944111,207.93013750637755,0.000692773918160583,-0.0011526939766266717
19.700000293552876,4.085390090942383,0.24357223510742188,9.808476448059082,0.00045235175639390945,-8.351198630407453e-05,-0.003866924438625574,208.12248929378345,0.0006865956018344832,-0.0011560234563403045
19.80000029504299,4.016778945922852,-1.8089008331298828,9.80600643157959,-0.007576614618301392,0.00020005181431770325,-0.2360774725675583,207.47450924722432,0.00068002313486204,-0.0011593755529396
19.900000296533108,3.8072385787963867,-4.607041358947754,9.797432899475098,-0.01118725910782814,0.0013198144733905792,-0.5066636204719543,205.39818638105382,0.0006729658440889352,-0.001162501754826336
20.000000298023224,3.4320240020751953,-7.15084981918335,9.781570434570312,-0.01335090771317482,0.0033944817259907722,-0.7909883856773376,201.70015803986882,0.000665386308881466,-0.0011651479304488836
20.10000029951334,3.7371439933776855,-6.032899856567383,9.786211013793945,0.00017162453150376678,0.002209032652899623,-0.6547788977622986,197.85287640494073,0.0006573227037875995,-0.0011673838494727113
20.200000301003456,4.064165115356445,-2.496544361114502,9.800637245178223,0.005627982318401337,0.0007597976364195347,-0.38410064578056335,195.29606339103816,0.0006488489791536267,-0.0011695017494749895
20.300000302493572,3.7680187225341797,-4.198092460632324,9.792745590209961,-0.009086617268621922,0.0020242957398295403,-0.5751645565032959,192.6307596523591,0.0006399639699026238,-0.0011713282343323035
20.40000030398369,3.889408588409424,-4.244399070739746,9.795388221740723,0.004303616005927324,0.0009474563412368298,-0.381057471036911,190.17962332529495,0.0006306687040336101,-0.0011728437027437454
20.500000305473804,3.891702651977539,-0.1079859733581543,9.806839942932129,0.010676253587007523,-6.03673979640007e-05,-0.04995208978652954,189.33650477414858,0.000621027948099595,-0.001174407146367199
20.60000030696392,3.7224693298339844,-1.8465864658355713,9.803101539611816,-0.005937590729445219,0.000581035390496254,-0.2685408294200897,188.35732885473556,0.0006110330665762831,-0.001175856683130133
20.700000308454037,3.549558639526367,-5.240060329437256,9.792316436767578,-0.007656904868781567,0.0016172323375940323,-0.471218079328537,186.12251827906405,0.0006006719971338725,-0.0011768745800569934
20.800000309944153,3.5941684246063232,-3.0332863330841064,9.80122184753418,0.0056160311214625835,0.0005375798791646957,-0.227718785405159,184.34546698156683,0.0005899691385451433,-0.0011776469809703866
20.90000031143427,3.4167723655700684,1.25065279006958,9.80813980102539,0.013395404443144798,7.025711238384247e-05,0.14503547549247742,184.4130995147283,0.0005789695189974964,-0.0011785554944138594
21.000000312924385,3.3182904720306396,-0.19111275672912598,9.80698013305664,-0.00415016757324338,0.00017761578783392906,-0.07987084984779358,184.4498186117063,0.0005676722132648138,-0.0011794705873149798
21.1000003144145,3.2487823963165283,-3.3136723041534424,9.802206993103027,-0.005746918730437756,0.0006178012117743492,-0.2695462703704834,183.29313973614296,0.0005560671808382267,-0.0011801067386262589
21.200000315904617,2.75654935836792,-0.8488342761993408,9.808126449584961,0.007666195742785931,0.002313634380698204,-0.004249006509780884,182.70488286368644,0.0005442117863054818,-0.0011806790143695449
21.300000317394733,-0.6152043342590332,0.679635226726532,9.811483383178711,0.002694242401048541,0.005205967929214239,0.03969987481832504,182.85197781765183,0.0005324148187497713,-0.0011813096827994513
21.40000031888485,-3.5074830055236816,-1.8017241954803467,9.807368278503418,-0.005370724946260452,0.0031963884830474854,-0.1688186526298523,182.30444253302693,0.0005209260576464203,-0.0011817669551059428
21.500000320374966,-2.697288990020752,-0.7758674621582031,9.807791709899902,0.004556384868919849,-0.000219754409044981,-0.012023034505546093,181.94652696013992,0.0005096767614105602,-0.0011821467817130435
21.600000321865082,-0.2890475392341614,-0.1353735625743866,9.808789253234863,-4.714471288025379e-05,-0.002367001958191395,-0.03955862671136856,181.8014674025472,0.0004984529605422949,-0.0011825138606209524
21.700000323355198,1.6887214183807373,-0.7638336420059204,9.809126853942871,-0.00022835680283606052,-0.002482128329575062,-0.059248656034469604,181.5281642130983,0.0004870757418444782,-0.0011828169268888339
21.800000324845314,2.6112143993377686,-0.21158337593078613,9.809249877929688,0.0017278626328334212,-0.0019262442365288734,-0.007876463234424591,181.40459243063444,0.0004754637872395051,-0.001183106971313455
21.90000032633543,2.5170462131500244,-0.5210881233215332,9.8093900680542,-0.0011663023615255952,0.0010468836408108473,-0.05797874554991722,181.18466033936002,0.00046362525259269205,-0.0011833552087676085
22.000000327825546,-0.7988455295562744,-0.24964576959609985,9.811385154724121,0.0016125226393342018,0.004389150999486446,-0.010380787774920464,181.06918916125178,0.000451858029663299,-0.0011835800069038933
22.100000329315662,-3.4877874851226807,-0.056571006774902344,9.809103012084961,0.0002601929008960724,0.0021933040115982294,-0.021469539031386375,181.03003851692927,0.0004404037421892326,-0.001183794113421501
22.20000033080578,-2.2704827785491943,-0.3856160640716553,9.808089256286621,-0.0003663087263703346,-0.0009427332552149892,-0.049120254814624786,180.89723231870755,0.0004291525611961333,-0.001183970525129671
22.300000332295895,0.17220380902290344,-0.2516259551048279,9.809060096740723,0.00047727604396641254,-0.002552781254053116,-0.02988799288868904,180.7803541216303,0.000417885514124805,-0.0011841248682403153
22.40000033378601,1.9240604639053345,0.02963852882385254,9.809535026550293,0.0007853696588426828,-0.002522246213629842,-0.002686586696654558,180.77152951722263,0.0004064457562833468,-0.0011842842830162295
22.500000335276127,2.7637507915496826,-0.1954176425933838,9.809191703796387,-0.0005711214616894722,-0.0018576006405055523,-0.023634426295757294,180.7050034747067,0.0003947578980785238,-0.0011844291681565057
22.600000336766243,2.372601270675659,-0.23393630981445312,9.80970287322998,0.00012526893988251686,0.001774715376086533,-0.019811566919088364,180.60782354319576,0.0003828569613659738,-0.0011845555485721488
22.70000033825636,-1.2981376647949219,0.07248234748840332,9.811466217041016,0.0008148467168211937,0.004323158413171768,0.0007735586841590703,180.61644324192832,0.00037107277577774767,-0.0011846871377250959
22.800000339746475,-3.550283193588257,-0.10723114013671875,9.808780670166016,-0.00045408913865685463,0.0021370381582528353,-0.02708212472498417,180.5841774282892,0.00035960707704418837,-0.0011848059791788512
22.90000034123659,-2.4319021701812744,-0.1419520378112793,9.808088302612305,0.00024518929421901703,-0.0008388209389522672,-0.026488563045859337,180.5308336508714,0.00034835942564370725,-0.0011849100168529
23.000000342726707,-0.0535002164542675,0.003909017890691757,9.809112548828125,0.00029598036780953407,-0.0025896665174514055,-0.014064104296267033,180.52077961241312,0.0003371164347214517,-0.001185014465743052
23.100000344216824,1.8115628957748413,-0.04886913299560547,9.809524536132812,-0.00010645086877048016,-0.002616352401673794,-0.013879276812076569,180.50358119608305,0.00032571070501319355,-0.0011851158990484488
23.20000034570694,2.7178845405578613,-0.09027361869812012,9.80924129486084,-3.550690598785877e-05,-0.0019599066581577063,-0.010132819414138794,180.47023621255502,0.00031406112415766074,-0.0011852113011843355
23.300000347197056,2.4379618167877197,0.014990091323852539,9.809737205505371,0.00029014714527875185,0.00139635952655226,-0.002243560506030917,180.46814617466902,0.00030219284488453013,-0.001185309993049046
23.400000348687172,-1.0898778438568115,-0.025275468826293945,9.811446189880371,-0.00011850707232952118,0.004333531018346548,-0.01318514347076416,180.4597177212332,0.00029042250356781096,-0.001185405532256967
23.500000350177288,-3.5199973583221436,-0.048204898834228516,9.808937072753906,6.417208351194859e-05,0.002105396008118987,-0.01754186302423477,180.44103032366405,0.0002789680618775492,-0.0011854943549352063
23.600000351667404,-2.2696192264556885,0.007317781448364258,9.808158874511719,0.00019362138118594885,-0.0010017843451350927,-0.01770179346203804,180.43925447447987,0.0002677172064267097,-0.0011855822181092055
23.70000035315752,0.16688856482505798,-0.02896556258201599,9.809133529663086,-9.244680404663086e-05,-0.0025916581507772207,-0.017441721633076668,180.430703077639,0.00025645120452111314,-0.0011856677510586212
23.800000354647636,1.9276814460754395,-0.02679133415222168,9.809527397155762,5.820486694574356e-05,-0.002541372086852789,-0.009186641313135624,180.42105885053093,0.00024501213205496697,-0.0011857520503597279
23.900000356137753,2.7652339935302734,-0.017506837844848633,9.809195518493652,-2.968090120702982e-05,-0.0018705727998167276,-0.005356739740818739,180.411660510233,0.0002333249763069034,-0.0011858366238049034
24.00000035762787,2.373316526412964,-0.17368602752685547,9.80979061126709,-0.0005149556091055274,0.001769570168107748,-0.021863043308258057,180.3420745429689,0.00022142484492349013,-0.0011859069417585095
24.100000359117985,-1.2962743043899536,-0.0406794548034668,9.811424255371094,0.0004282621666789055,0.004319880157709122,-0.008198321796953678,180.31280035218623,0.00020964117334187904,-0.0011859728734070175
24.2000003606081,-3.5489368438720703,-0.07203006744384766,9.808795928955078,-0.00023280782625079155,0.0021275607869029045,-0.022764811292290688,180.27976955736005,0.00019817597150506572,-0.0011860309919495692
24.300000362098217,-2.41860294342041,-0.2382361888885498,9.808080673217773,-0.0003371343482285738,-0.0008522024727426469,-0.03905829042196274,180.18768494696994,0.00018692766903427582,-0.0011860670418945953
24.400000363588333,-0.03574274852871895,-0.08301177620887756,9.80908203125,0.0004055597819387913,-0.0025914183352142572,-0.018284494057297707,180.1370595848418,0.000175682399273569,-0.0011860956899497682
24.50000036507845,1.8203141689300537,-0.36402297019958496,9.809477806091309,-0.001139670959673822,-0.002600371837615967,-0.0468297004699707,179.98021112074164,0.00016427372251826,-0.0011860918519328073
24.600000366568565,2.7199554443359375,-0.1131284236907959,9.809253692626953,0.0009993931744247675,-0.001954267267137766,-0.0020685039926320314,179.91843888988805,0.00015262100613711027,-0.0011860774593692035
24.70000036805868,2.4298548698425293,-0.09676718711853027,9.80974006652832,-0.0003752579214051366,0.0014289499958977103,-0.0192066952586174,179.867294433383,0.00014075035379335077,-0.001186054020051335
24.800000369548798,-1.1160259246826172,-0.6188710927963257,9.811232566833496,-0.0013120104558765888,0.004355697892606258,-0.06370989978313446,179.62937162383477,0.00012898033801889142,-0.0011859757519197382
24.900000371038914,-3.530270576477051,0.023512601852416992,9.808928489685059,0.002005243906751275,0.002089622663334012,0.004350712057203054,179.59602664030675,0.00011752717283286529,-0.001185902007165274
25.00000037252903,-2.2607901096343994,-0.050495147705078125,9.808126449584961,-0.0006578651955351233,-0.0010227293241769075,-0.03389692306518555,179.57479841236636,0.00010627681426456093,-0.001185825383898089
25.100000374019146,0.18305552005767822,-0.431386798620224,9.809088706970215,-0.0004802742041647434,-0.0025954218581318855,-0.04565703868865967,179.42767613764428,9.501028121405852e-05,-0.0011857099692451918
25.200000375509262,1.9365310668945312,-0.14012646675109863,9.809660911560059,0.0006121681071817875,-0.0025422819890081882,-0.015320935286581516,179.3406185464833,8.357006933579214e-05,-0.001185579887884622
25.300000376999378,2.7676432132720947,0.016528606414794922,9.809090614318848,0.00039164035115391016,-0.0018682547379285097,-0.0016158790094777942,179.33352881012482,7.188152574144624e-05,-0.0011854487099477778
25.400000378489494,2.3724725246429443,-0.22311949729919434,9.809868812561035,-0.0005551889771595597,0.0017811141442507505,-0.025550181046128273,179.2561154460719,5.99804776726387e-05,-0.0011852947780532364
25.50000037997961,-1.2985353469848633,-0.19618487358093262,9.811354637145996,0.00021428149193525314,0.00432527856901288,-0.02109643816947937,179.1698364964763,4.819633919339594e-05,-0.001185124945802714
25.600000381469727,-3.5511157512664795,0.05482935905456543,9.808761596679688,0.0006713158218190074,0.0021363324485719204,-0.00659039244055748,179.17385264770826,3.67308203834682e-05,-0.001184964708594594
25.700000382959843,-2.4387617111206055,-0.11625194549560547,9.808075904846191,-0.00039346906123682857,-0.0008312383433803916,-0.03217789903283119,179.13792585267402,2.5484188455493495e-05,-0.001184797343640689
25.80000038444996,-0.06151633337140083,-0.12534968554973602,9.809073448181152,0.00021717301569879055,-0.002588423900306225,-0.02111171744763851,179.09042871718574,1.4243106889466617e-05,-0.0011846190129240388
25.900000385940075,1.8074615001678467,-0.029857516288757324,9.809575080871582,0.0001328440848737955,-0.0026195684913545847,-0.011484086513519287,179.06937807416375,2.839811003241266e-06,-0.0011844351993260157
26.00000038743019,2.7158894538879395,-0.04675126075744629,9.80925464630127,1.8930528312921524e-05,-0.0019635793287307024,-0.007352202665060759,179.0510595068098,-8.807067217730946e-06,-0.001184243435550002
26.100000388920307,2.4424421787261963,-0.05406045913696289,9.8096923828125,2.2798078134655952e-05,0.0013808057410642505,-0.008962982334196568,179.02883407125057,-2.0672908647156873e-05,-0.001184042899163792
26.200000390410423,-1.0782380104064941,-0.04026365280151367,9.811495780944824,4.6284403651952744e-05,0.004335588309913874,-0.012887530028820038,179.0083025226055,-3.244180858530399e-05,-0.0011838405808411356
26.30000039190054,-3.518587350845337,0.05160069465637207,9.808903694152832,0.000381072168238461,0.002108018146827817,-0.008056488819420338,179.0260200333125,-4.389501874868529e-05,-0.0011836482687769846
26.400000393390656,-2.268817186355591,0.03985476493835449,9.808161735534668,1.987861469388008e-05,-0.000999311450868845,-0.016887890174984932,179.0461144498507,-5.5144803340567705e-05,-0.001183462947386584
26.50000039488077,0.1667764037847519,0.031683653593063354,9.809094429016113,0.00014413846656680107,-0.00259163836017251,-0.00998680479824543,179.06749294195282,-6.640973434457464e-05,-0.0011832799562207668
26.600000396370888,1.9280184507369995,0.09911453723907471,9.80958080291748,0.00022101006470620632,-0.0025418405421078205,0.0010811265092343092,179.11132909604598,-7.784786016884482e-05,-0.0011831034074405626
26.700000397861004,2.7644436359405518,0.06775617599487305,9.809189796447754,-6.0599297285079956e-05,-0.0018712759483605623,0.0013249646872282028,179.14681875897335,-8.953408209322333e-05,-0.0011829291888849419
26.80000039935112,2.374058246612549,0.16705632209777832,9.809786796569824,0.00041521782986819744,0.0017702231416478753,0.011316013522446156,179.21715604704616,-0.00010143341677348872,-0.001182766895596307
26.900000400841236,-1.2972606420516968,0.019144296646118164,9.811356544494629,-0.0005159107968211174,0.004323216155171394,-0.01271413266658783,179.23357582181086,-0.0001132162316537233,-0.001182607892036496
27.000000402331352,-3.5485265254974365,0.035155296325683594,9.808798789978027,0.00022749812342226505,0.002127449493855238,-0.008441958576440811,179.24722253977254,-0.00012468061962067623,-0.0011824561532945037
27.10000040382147,-2.4195756912231445,0.19967412948608398,9.808088302612305,0.0003732296172529459,-0.0008560243295505643,-0.0032566539011895657,179.31728662027854,-0.00013592822816121952,-0.0011823249753576594
27.200000405311584,-0.036469485610723495,-0.02782455086708069,9.809066772460938,-0.0006340089021250606,-0.002591875847429037,-0.021723143756389618,179.32305129993804,-0.00014717266691377517,-0.001182191193052163
27.3000004068017,1.820568323135376,0.007959723472595215,9.809560775756836,0.0002395925112068653,-0.002611527219414711,-0.004124016501009464,179.32798269651877,-0.0001585805555208708,-0.0011820561770983578
27.400000408291817,2.721204996109009,0.14505863189697266,9.809221267700195,0.00020937807857990265,-0.0019540307112038136,0.007591981440782547,179.38039756820945,-0.0001702327236188239,-0.001181931578619161
27.500000409781933,2.429694414138794,-0.036063432693481445,9.809762001037598,-0.0005203625187277794,0.0014277079608291388,-0.01181208249181509,179.37567107730382,-0.00018210278483365983,-0.0011818012231145226
27.60000041127205,-1.112121820449829,0.049939513206481934,9.811423301696777,0.00036660023033618927,0.004330713767558336,-0.0014548675389960408,179.3934842106592,-0.0001938729548101037,-0.0011816764875632916
27.700000412762165,-3.5226449966430664,0.07335591316223145,9.80894947052002,-9.901262819766998e-05,0.0020989577751606703,-0.011774427257478237,179.41885153323662,-0.00020532703668152408,-0.0011815616211985314
27.80000041425228,-2.26990008354187,-0.029432058334350586,9.808119773864746,-0.0001441139029338956,-0.0010066754184663296,-0.02184886299073696,179.41248579693018,-0.0002165774980369406,-0.0011814460694735997
27.900000415742397,0.16727444529533386,0.04573911428451538,9.80913257598877,0.00021025887690484524,-0.002594980411231518,-0.009042180143296719,179.42767613764428,-0.00022784314013790663,-0.0011813343557656288
28.000000417232513,1.9276944398880005,0.022705793380737305,9.80955696105957,-0.00013040238991379738,-0.002543121110647917,-0.007547981571406126,179.4408174216074,-0.0002392818699235022,-0.0011812231903457952
28.10000041872263,2.764474630355835,0.0006532669067382812,9.809196472167969,-2.3425440303981304e-05,-0.0018723577959463,-0.0028053889982402325,179.44432813884077,-0.0002509685972995612,-0.0011811094205573097
28.200000420212746,2.37453293800354,0.020383596420288086,9.809793472290039,1.3582641258835793e-05,0.0017663619946688414,-0.0032898862846195698,179.45035236568873,-0.00026286833461597325,-0.001180995650768824
28.300000421702862,-1.2960065603256226,0.024168968200683594,9.81142520904541,7.066875696182251e-06,0.0043203323148190975,-0.00752764567732811,179.45895840404293,-0.00027465164637874295,-0.0011808850336371278
28.400000423192978,-3.549151659011841,-0.002113819122314453,9.8087797164917,-3.0237017199397087e-05,0.0021265260875225067,-0.014422270469367504,179.46005123431016,-0.0002861164369960534,-0.0011807772950181523
28.500000424683094,-2.4181969165802,0.012452840805053711,9.808136940002441,8.174462709575891e-05,-0.0008559055859223008,-0.018143227323889732,179.46222323446622,-0.00029736431112326045,-0.0011806725719839318
28.60000042617321,-0.034578852355480194,0.01354508101940155,9.809066772460938,1.5613622963428497e-05,-0.002591499825939536,-0.01366873737424612,179.46991402747165,-0.00030860928961828904,-0.0011805692196700545
28.700000427663326,1.8207980394363403,-0.0031435489654541016,9.809560775756836,-6.445334292948246e-05,-0.0026111018378287554,-0.009535576216876507,179.46991402747165,-0.0003200176922319997,-0.001180463948347697
28.800000429153442,2.7220640182495117,0.0037920475006103516,9.809260368347168,4.8782327212393284e-05,-0.0019532418809831142,-0.002341375919058919,179.4739984805953,-0.00033167032293590637,-0.0011803567580168585
28.90000043064356,2.4296388626098633,0.009748220443725586,9.809722900390625,-4.458881448954344e-05,0.001430141506716609,-0.0052437810227274895,179.47511863161918,-0.00034354086390919747,-0.001180248471109746
29.000000432133675,-1.113769292831421,-0.00013327598571777344,9.811473846435547,1.6462523490190506e-05,0.004330171272158623,-0.009188611060380936,179.47623878264307,-0.0003553113765519811,-0.0011801412807789075
29.10000043362379,-3.5232255458831787,0.011734724044799805,9.808902740478516,3.803381696343422e-05,0.0020985775627195835,-0.01406930759549141,179.47772776388214,-0.0003667656640544692,-0.001180037791392996
29.200000435113907,-2.2709920406341553,0.0031425952911376953,9.808156967163086,3.2957992516458035e-05,-0.001006025355309248,-0.018994074314832687,179.47811025447567,-0.0003780162282112087,-0.0011799364951596335
29.300000436604023,0.16615039110183716,0.0015536695718765259,9.809134483337402,2.286583185195923e-05,-0.0025951804127544165,-0.013813513331115246,179.48111553771045,-0.00038928183602138233,-0.001179835198926271
29.40000043809414,1.9266841411590576,-0.003816366195678711,9.809518814086914,-2.7300557121634483e-05,-0.0025430929381400347,-0.008435537107288837,179.48111553771045,-0.0004007204630056549,-0.0011797321207564623
29.500000439584255,2.764450788497925,0.001210927963256836,9.809205055236816,9.951996617019176e-06,-0.0018731474410742521,-0.0030035297386348248,179.4822493491127,-0.00041240705333223104,-0.0011796267123620704
29.60000044107437,2.3743884563446045,0.001444101333618164,9.809813499450684,-1.4640158042311668e-05,0.0017658938886597753,-0.0049842046573758125,179.48186685851917,-0.00042430661930836777,-0.0011795196591032663
29.700000442564487,-1.2967197895050049,0.0008189678192138672,9.811415672302246,1.6172882169485092e-05,0.004320235922932625,-0.008812898769974709,179.4822493491127,-0.0004360896740536191,-0.001179413702420737
29.800000444054604,-3.548583984375,0.005532979965209961,9.808780670166016,3.1285686418414116e-05,0.002125400584191084,-0.01385401375591755,179.48300066992138,-0.0004475542762065743,-0.0011793110354670314
29.90000044554472,-2.414982795715332,0.004487276077270508,9.808120727539062,4.70211380161345e-05,-0.0008603984024375677,-0.019250407814979553,179.48186685851917,-0.0004588022359826027,-0.001179210698737909
30.000000447034836,-0.029759177938103676,-0.00022139400243759155,9.809106826782227,3.1418632715940475e-05,-0.0025917987804859877,-0.014331996440887451,179.48528195310416,-0.0004700476599595049,-0.0011791103620087868
30.100000448524952,1.8236366510391235,-0.006115436553955078,9.80955982208252,-3.466382622718811e-05,-0.0026100175455212593,-0.009295465424656868,179.48451697191715,-0.0004814568164732691,-0.0011790081062711842
